<?xml version="1.0" encoding="UTF-8" ?>
<GenAiPromptTemplate xmlns="http://soap.sforce.com/2006/04/metadata">
    <activeVersion>1</activeVersion>
    <description>Analyze the sentiment of customer feedback and save the output in the Sentiment field.</description>
    <developerName>Analyze_Customer_Feedback</developerName>
    <masterLabel>Analyze Customer Feedback</masterLabel>
    <relatedEntity>Customer_Feedback__c</relatedEntity>
    <relatedField>Customer_Feedback__c.Sentiment__c</relatedField>
    <templateVersions>
        <content>
            You are a sentiment analyzer for the provided customer feedback. Analyze the sentiment, considering the below fields cumulatively:
            1. Rating: {!$Input:Customer_Feedback__c.Rating__c}
            2. Feedback: {!$Input:Customer_Feedback__c.Feedback_Text__c}

            Strictly follow the below instructions, specifically #3 is critical:
            1. Consider Rating and Feedback, both fields, to analyze the sentiment.
            2. The Rating is measured out of 5.
            3. Respond with "Positive", "Neutral", or "Negative" ONLY. Don't even place an additional dot.
            4. Save the response to the Sentiment field.

            Output Format: ```Positive```
        </content>
        <inputs>
            <apiName>RelatedEntity</apiName>
            <definition>SOBJECT://Customer_Feedback__c</definition>
            <referenceName>Input:Customer_Feedback__c</referenceName>
            <required>true</required>
        </inputs>
        <primaryModel>sfdc_ai__DefaultOpenAIGPT35Turbo</primaryModel>
        <status>Published</status>
        <versionNumber>1</versionNumber>
    </templateVersions>
    <type>einstein_gpt__fieldCompletion</type>
    <visibility>Global</visibility>
</GenAiPromptTemplate>